{"cameraMode":{"drawMode":0,"name":"Shaded","section":"Shading Mode"},"sceneLighting":true,"audioPlay":false,"sceneViewState":{"showFog":true,"showMaterialUpdate":false,"showSkybox":true,"showFlares":true,"showImageEffects":true,"showParticleSystems":true},"in2DMode":false,"pivot":{"x":14.51529312133789,"y":-34.908817291259769,"z":-53.85202407836914},"rotation":{"x":0.11843351274728775,"y":0.8806237578392029,"z":-0.3454265296459198,"w":0.3019312918186188},"size":48.664546966552737,"orthographic":false}